CC Nombre,CC,DM,Fecha de Apertura,Rolling,TPLH,IPLH,Labor,Dif Labor%,Ventas,Dif ppto%,OMT #,NPS,Conexión,Bebida,CTC,Costo,Dif costo%,EBITDA,Dif EBITDA %,DT Time,Tiempo DT AA,Municipio o Delegación,Cobertura,Formato,Formato - Comercial,TIER,Corte YTD,Latitud,Longitud
Coacalco,38401,Enrique César,16/12/2010,32.70%,5.7,14.9,16.20%,1.30%,$4.4M,-8.80%,-18.5,89.9,69.70%,75.00%,14.60%,36.70%,-0.80%,16.40%,-3.70%,No hay valores,No hay valores,Coacalco De Berriozábal,Estado De México,Cafe,Hypermarket,C2,30/04/2026,19.62872675,-99.12410376
Cosmopol,38604,Enrique César,10/09/2015,23.70%,5.8,15.2,14.50%,1.70%,$8.1M,-16.90%,-55.8,81.4,64.00%,65.00%,8.60%,36.30%,-0.20%,22.40%,-4.70%,No hay valores,No hay valores,Coacalco De Berriozábal,Estado De México,Kiosko ,Mall,C1,30/04/2026,19.63205575,-99.1257806
Cosmopol N1,43193,Enrique César,16/12/2025,0.00%,5.8,13.5,17.70%,-4.30%,$3.5M,1.20%,185.7,84.1,76.40%,73.00%,6.00%,37.80%,4.90%,12.60%,-14.90%,No hay valores,No hay valores,Coacalco De Berriozábal,Estado De México,Kiosko ,Mall,C1,30/04/2026,19.63207203,-99.12441873
Izcalli Mega,38333,Enrique César,28/08/2008,21.70%,6.8,17.4,13.50%,-0.10%,$9.4M,-8.50%,-37.2,62.6,46.40%,60.00%,11.10%,34.90%,-0.90%,25.30%,-0.30%,No hay valores,No hay valores,Cuatitlan Izcalli,Estado De México,Cafe,Hypermarket,C2,30/04/2026,19.64697761,-99.2071519
Luna Park,38368,Enrique César,28/11/2009,32.90%,6.7,16.1,14.30%,1.40%,$8.3M,-10.20%,1.7,68.5,47.40%,62.00%,7.40%,34.70%,-0.70%,27.20%,-2.10%,No hay valores,No hay valores,Cuatitlan Izcalli,Estado De México,Kiosko ,Mall,C2,30/04/2026,19.65740984,-99.21026354
Patio Ecatepec,38515,Enrique César,27/09/2013,34.30%,6,16.1,15.00%,-1.60%,$7.2M,3.40%,2.5,74.2,56.80%,59.00%,12.40%,37.40%,-1.40%,20.30%,2.60%,No hay valores,No hay valores,Ecatepec De Morelos,Estado De México,Cafe,Hypermarket,C2,30/04/2026,19.60630467,-99.04596739
Plaza las Flores,38456,Enrique César,21/06/2012,33.20%,6,15.8,14.60%,-1.40%,$6.3M,2.40%,-27.1,75.2,57.70%,73.00%,17.10%,35.10%,-0.20%,26.00%,2.80%,No hay valores,No hay valores,Coacalco De Berriozábal,Estado De México,Kiosko ,Hypermarket,C2,30/04/2026,19.63640228,-99.09608839
San Marcos,38339,Enrique César,27/09/2008,29.60%,5.9,15.2,13.70%,1.00%,$8.3M,-8.30%,-25.1,71.2,53.60%,66.00%,11.90%,35.30%,0.90%,25.40%,-1.30%,No hay valores,No hay valores,Cuatitlan Izcalli,Estado De México,Cafe,Hypermarket,C2,30/04/2026,19.67090726,-99.20315596
San Miguel Izcalli,38862,Enrique César,06/03/2019,31.40%,7.3,18.5,13.70%,0.70%,$8.2M,-7.60%,-28.9,69.8,47.40%,65.00%,12.70%,36.30%,0.40%,24.30%,-2.70%,No hay valores,No hay valores,Cuatitlan Izcalli,Estado De México,Cafe,Hypermarket,C2,30/04/2026,19.68836685,-99.21400636
Arboledas,38186,Nancy Rodríguez,17/05/2006,66.30%,5.9,14.2,15.90%,-1.10%,$5.3M,-8.30%,-13.3,82.8,59.90%,72.00%,10.80%,36.20%,-0.20%,16.40%,2.00%,No hay valores,No hay valores,Atizapan De Zaragoza,Estado De México,Cafe,Neighborhood,C1,30/04/2026,19.55995694,-99.22014176
Galerias Perinorte,38894,Nancy Rodríguez,17/12/2020,19.10%,6.4,16.5,15.00%,1.20%,$7.1M,-10.40%,-11.4,74.5,46.70%,61.00%,7.30%,36.60%,0.40%,21.30%,-1.80%,No hay valores,No hay valores,Cuatitlan Izcalli,Estado De México,Cafe,Mall,C1,30/04/2026,19.60223727,-99.1909696
ITEMS Edo de Mexico,38230,Nancy Rodríguez,07/05/2007,42.70%,7.7,14.1,18.60%,-2.30%,$4.6M,11.50%,12.2,66.7,55.30%,67.00%,9.70%,34.70%,-4.00%,25.80%,11.70%,No hay valores,No hay valores,Atizapan De Zaragoza,Estado De México,Cafe,Education,C1,30/04/2026,19.59795983,-99.22645569
Jinetes,38661,Nancy Rodríguez,12/08/2016,23.50%,6,14.9,15.60%,-0.60%,$6.0M,-2.70%,-24,65.5,55.20%,66.00%,15.50%,35.90%,0.30%,17.70%,-0.30%,No hay valores,No hay valores,Atizapan De Zaragoza,Estado De México,Cafe,Neighborhood,C1,30/04/2026,19.55998726,-99.22017395
Mundo E,38674,Nancy Rodríguez,19/09/2016,55.30%,5.8,13.9,18.40%,2.50%,$4.9M,-17.60%,-52.4,70.8,45.50%,61.00%,13.40%,37.00%,1.10%,18.00%,-3.80%,No hay valores,No hay valores,Tlalnepantla,Estado De México,Cafe,Mall,C1,30/04/2026,19.52606457,-99.22811955
Mundo E II,38845,Nancy Rodríguez,08/12/2018,64.40%,6.1,13.4,18.20%,1.10%,$4.4M,-15.30%,112.1,73.4,48.60%,56.00%,6.90%,37.30%,1.50%,19.30%,-3.80%,No hay valores,No hay valores,Tlalnepantla,Estado De México,Kiosko ,Mall,C1,30/04/2026,19.52497104,-99.22911025
Pasaje Tlanepantla,38792,Nancy Rodríguez,15/05/2018,66.40%,5.8,13.2,17.90%,-0.50%,$4.8M,-8.80%,-27,68.1,54.00%,63.00%,7.90%,40.20%,0.90%,14.40%,1.30%,No hay valores,No hay valores,Tlalnepantla,Estado De México,Cafe,Mall,C1,30/04/2026,19.54010506,-99.21541073
Punta Norte,38136,Nancy Rodríguez,09/12/2004,42.80%,5.3,14.9,16.00%,-2.10%,$5.5M,1.60%,-12.5,74.5,51.40%,63.00%,9.80%,35.50%,-1.40%,18.40%,16.80%,No hay valores,No hay valores,Cuatitlan Izcalli,Estado De México,Cafe,Mall,C2,30/04/2026,19.6023276,-99.19151696
Santa Monica,38460,Nancy Rodríguez,23/08/2012,14.20%,5.3,13.4,16.10%,-0.80%,$5.6M,-0.20%,-7.7,80.1,61.10%,64.00%,7.30%,36.60%,0.20%,15.80%,2.20%,No hay valores,No hay valores,Tlalnepantla,Estado De México,Cafe,Neighborhood,C2,30/04/2026,19.52812104,-99.22818709
Sor Juana,38442,Nancy Rodríguez,19/12/2011,55.80%,5.9,15.1,14.30%,0.70%,$8.6M,-0.20%,-28.2,78.8,59.40%,71.00%,10.00%,35.00%,-2.40%,26.10%,3.00%,No hay valores,No hay valores,Tlalnepantla,Estado De México,Cafe,Street,C2,30/04/2026,19.53858646,-99.19931536
TlalnepantlaCarso,38606,Nancy Rodríguez,08/09/2015,27.60%,6.8,16.4,14.40%,-0.20%,$9.3M,0.10%,36.6,72.1,46.90%,65.00%,7.30%,37.10%,-0.30%,24.20%,0.20%,No hay valores,No hay valores,Tlalnepantla,Estado De México,Cafe,Mall,C1,30/04/2026,19.53820969,-99.20631362
Valle Dorado,38374,Nancy Rodríguez,28/03/2010,17.80%,5.2,12.5,18.80%,2.40%,$4.1M,-10.90%,-10.2,68.1,56.60%,65.00%,12.10%,37.00%,-1.30%,16.80%,-0.50%,No hay valores,No hay valores,Tlalnepantla,Estado De México,Cafe,Shopping Center,C2,30/04/2026,19.54745096,-99.21034463
Villas de la Hacienda,38694,Nancy Rodríguez,17/12/2016,16.20%,5.9,14.7,14.10%,0.10%,$7.9M,3.00%,-7.8,70.3,51.40%,66.00%,3.30%,35.00%,-1.10%,21.20%,2.70%,No hay valores,No hay valores,Atizapan De Zaragoza,Estado De México,Cafe,Hypermarket,C2,30/04/2026,19.60704127,-99.22930698
Atana Lindavista ,43194,Vanessa Carreño,25/01/2026,8.60%,5.9,12.7,16.10%,-7.30%,$3.2M,5.90%,176.9,79.8,53.30%,72.00%,7.50%,35.70%,2.80%,32.30%,8.80%,No hay valores,No hay valores,Gustavo A. Madero,Ciudad De México,Kiosko ,Hypermarket,C2,30/04/2026,19.51739925,-99.14272428
Camarones,38527,Vanessa Carreño,10/01/2014,30.00%,6.8,16.7,12.90%,-6.50%,$12.7M,41.90%,-4.5,52.5,39.20%,47.00%,7.90%,35.50%,2.00%,29.80%,4.60%,01:25,01:21,Azcapotzalco,Ciudad De México,Drive_Thru,Neighborhood,C2,30/04/2026,19.47180993,-99.1800422
Centenario Azcapotzalco,38837,Vanessa Carreño,29/11/2018,14.40%,7.5,17.6,14.70%,1.20%,$6.2M,-8.30%,-23.5,68.8,51.10%,61.00%,17.90%,35.90%,1.90%,20.10%,-2.40%,No hay valores,No hay valores,Azcapotzalco,Ciudad De México,Cafe,Shopping Center,C2,30/04/2026,19.47849506,-99.18850073
Lindavista,38205,Vanessa Carreño,18/11/2006,41.50%,7.2,17.1,13.20%,0.30%,$9.2M,-8.10%,-37.7,62.1,44.50%,53.00%,11.20%,35.80%,1.80%,25.70%,-2.90%,No hay valores,No hay valores,Gustavo A. Madero,Ciudad De México,Cafe,Mall,C2,30/04/2026,19.4864747,-99.1306705
Lindavista II,38207,Vanessa Carreño,21/11/2006,33.90%,8.6,18.2,19.00%,-0.30%,$3.9M,5.70%,-3.4,79.7,55.20%,65.00%,2.20%,35.50%,0.30%,19.30%,4.00%,No hay valores,No hay valores,Gustavo A. Madero,Ciudad De México,Kiosko ,Mall,C2,30/04/2026,19.48641994,-99.13145725
Montevideo DT ,38371,Vanessa Carreño,22/12/2009,28.20%,7.1,18,12.10%,-3.30%,$16.6M,18.20%,-51.4,64.3,44.50%,58.00%,14.30%,37.60%,3.10%,25.40%,3.80%,01:37,01:42,Gustavo A. Madero,Ciudad De México,Drive_Thru,Neighborhood,C2,30/04/2026,19.4898201,-99.13027292
Montevideo Insurgentes,43111,Vanessa Carreño,14/04/2025,2.10%,5.3,13.3,19.30%,0.70%,$4.2M,-12.90%,201.4,79.5,57.20%,67.00%,24.50%,40.30%,6.20%,13.70%,-10.50%,No hay valores,No hay valores,Gustavo A. Madero,Ciudad De México,Cafe,Main Avenues,C2,30/04/2026,19.48767471,-99.1245027
Parque Jadin kiosko,43195,Vanessa Carreño,16/12/2025,25.80%,6.7,13.9,17.40%,-3.20%,$4.4M,5.40%,250.3,73.3,48.90%,67.00%,2.90%,32.60%,-0.20%,25.90%,-4.00%,No hay valores,No hay valores,Azcapotzalco,Ciudad De México,Kiosko ,Hypermarket,C2,30/04/2026,19.46900437,-99.1594926
Patio Claveria,38546,Vanessa Carreño,23/09/2014,23.00%,6.8,16.3,14.40%,0.00%,$8.5M,-3.70%,-42,67.2,52.60%,57.00%,13.00%,35.60%,-2.20%,24.20%,10.10%,No hay valores,No hay valores,Azcapotzalco,Ciudad De México,Cafe,Shopping Center,C2,30/04/2026,19.46372479,-99.18212386
Patio la Raza,38677,Vanessa Carreño,14/12/2016,23.40%,7.5,17.6,15.20%,1.80%,$7.0M,-13.80%,-29.4,74.6,66.10%,64.00%,17.40%,40.10%,2.10%,17.50%,-4.80%,No hay valores,No hay valores,Azcapotzalco,Ciudad De México,Cafe,Shopping Center,C1,30/04/2026,19.46811471,-99.14467073
Plaza Fortuna,38719,Vanessa Carreño,27/03/2017,18.50%,6.6,15.9,15.60%,-0.30%,$6.2M,-6.10%,-22.9,79,60.00%,72.00%,16.20%,39.60%,2.10%,19.40%,-2.30%,No hay valores,No hay valores,Gustavo A. Madero,Ciudad De México,Cafe,Hypermarket,C1,30/04/2026,19.48354117,-99.13327892
Plaza Vista Norte,43132,Vanessa Carreño,29/12/2024,36.40%,5.4,13.6,16.20%,-2.30%,$5.1M,-2.40%,-19,79.7,58.30%,67.00%,15.50%,36.00%,2.40%,19.80%,0.20%,No hay valores,No hay valores,Gustavo A. Madero,Ciudad De México,Cafe,Hypermarket,C2,30/04/2026,19.50161364,-99.12125306
Torres Lindavista,38411,Vanessa Carreño,03/04/2011,17.10%,6.3,16.3,14.10%,1.40%,$8.5M,-14.10%,-55.2,69.7,55.30%,64.00%,21.20%,36.80%,2.40%,22.60%,-5.50%,No hay valores,No hay valores,Gustavo A. Madero,Ciudad De México,Cafe,Hypermarket,C2,30/04/2026,19.50647617,-99.1441572
Via Vallejo,38651,Vanessa Carreño,24/06/2016,27.60%,6.6,15.9,13.90%,-0.60%,$9.2M,-6.00%,-19.6,70,48.20%,55.00%,8.50%,37.50%,3.80%,23.40%,-4.20%,No hay valores,No hay valores,Azcapotzalco,Ciudad De México,Cafe,Mall,C1,30/04/2026,19.48725287,-99.15168203
Blvd. Aeropuerto dt,38930,Veronica García,29/09/2022,54.70%,6.8,17,12.20%,-6.30%,$13.3M,35.00%,-3.8,63.1,30.70%,48.00%,8.20%,33.60%,0.30%,33.00%,11.10%,01:36,01:29,Venustiano Carranza,Ciudad De México,Drive_Thru,Highway,C2,30/04/2026,19.4246878,-99.09329076
Bosques de Aragon,38529,Veronica García,19/02/2014,29.50%,6.5,16.7,13.90%,-0.20%,$7.6M,-7.90%,-25.4,67.8,49.10%,58.00%,6.10%,37.70%,1.00%,25.70%,-0.60%,No hay valores,No hay valores,Gustavo A. Madero,Ciudad De México,Cafe,Shopping Center,C2,30/04/2026,19.46560093,-99.08451316
Eduardo Molina,38431,Veronica García,07/12/2011,42.10%,7,17,14.90%,-1.50%,$6.4M,0.50%,-20.8,71.1,46.50%,66.00%,7.90%,39.60%,3.50%,12.90%,-3.40%,No hay valores,No hay valores,Gustavo A. Madero,Ciudad De México,Cafe,Hypermarket,C1,30/04/2026,19.47958733,-99.09604871
Encuentro Oceania,38903,Veronica García,23/12/2021,42.10%,6.9,16.8,14.10%,0.40%,$8.8M,-5.40%,-24.8,61.5,44.90%,56.00%,7.80%,37.90%,2.50%,22.70%,-4.30%,No hay valores,No hay valores,Venustiano Carranza,Ciudad De México,Cafe,Mall,C1,30/04/2026,19.44013166,-99.0941487
Encuentro Oceania II,38995,Veronica García,31/10/2023,23.20%,6.4,15.1,16.10%,0.80%,$5.3M,-8.80%,-9.1,75.3,55.70%,65.00%,8.20%,39.20%,4.10%,18.90%,-4.20%,No hay valores,No hay valores,Venustiano Carranza,Ciudad De México,Cafe,Mall,C1,30/04/2026,19.43896908,-99.09459811
Parque Tepeyac Piso 1,38937,Veronica García,10/11/2022,8.10%,8.4,21.3,13.60%,0.70%,$9.6M,-3.80%,17.9,62.5,36.90%,53.00%,10.40%,35.20%,-1.60%,27.40%,1.50%,No hay valores,No hay valores,Gustavo A. Madero,Ciudad De México,Cafe,Mall,C2,30/04/2026,19.47774424,-99.09910405
Parque Tepeyac Piso 2,38965,Veronica García,14/09/2023,0.00%,7,15.8,16.50%,1.00%,$5.1M,-8.20%,-11.1,74.6,48.20%,64.00%,3.00%,35.90%,3.30%,18.90%,-5.10%,No hay valores,No hay valores,Gustavo A. Madero,Ciudad De México,Cafe,Mall,C2,30/04/2026,19.47784704,-99.09905673
Plaza Aeropuerto,38924,Veronica García,24/09/2022,8.20%,5.7,13.8,16.10%,0.20%,$5.7M,-7.40%,-15.4,74.1,55.60%,66.00%,15.20%,37.90%,3.40%,20.30%,-4.40%,No hay valores,No hay valores,Venustiano Carranza,Ciudad De México,Kiosko ,Shopping Center,C2,30/04/2026,19.42118392,-99.0966938
Plaza Tepeyac,38811,Veronica García,18/06/2018,41.10%,9.6,24.2,12.90%,-0.20%,$7.9M,-8.70%,-38.2,58.6,40.90%,57.00%,13.90%,37.60%,4.50%,23.50%,-4.40%,No hay valores,No hay valores,Gustavo A. Madero,Ciudad De México,Kiosko ,Hypermarket,C2,30/04/2026,19.47171664,-99.1193661
Tapo Puerta Oriente,38992,Veronica García,30/12/2023,29.40%,7,15.1,14.30%,-1.30%,$7.4M,12.20%,8.8,63.6,56.40%,54.00%,8.80%,34.70%,-1.80%,21.10%,2.30%,No hay valores,No hay valores,Venustiano Carranza,Ciudad De México,Cafe,Train & Bus Stations,C2,30/04/2026,19.43085206,-99.11476917
Cetram 4 Caminos,38695,Yazmin Chabela,09/12/2016,37.50%,7.6,15.3,14.50%,-0.80%,$7.8M,-5.10%,6.5,56.7,39.40%,54.00%,6.30%,37.90%,-0.10%,21.60%,0.30%,No hay valores,No hay valores,Naucalpan,Estado De México,Cafe,Train & Bus Stations,C1,30/04/2026,19.46049483,-99.21517073
Echegaray,38197,Yazmin Chabela,05/09/2006,20.10%,5.9,14.9,15.00%,-6.00%,$8.1M,33.60%,-35.1,65.6,51.40%,59.00%,11.10%,34.90%,0.60%,22.70%,3.80%,No hay valores,No hay valores,Naucalpan,Estado De México,Cafe,Neighborhood,C2,30/04/2026,19.48699554,-99.2329265
El Rosario,38458,Yazmin Chabela,28/06/2012,33.10%,7.8,16.7,14.00%,-0.40%,$6.7M,0.00%,-17.1,58.5,44.30%,58.00%,4.10%,37.80%,2.70%,22.90%,-2.60%,No hay valores,No hay valores,Azcapotzalco,Ciudad De México,Kiosko ,Hypermarket,C1,30/04/2026,19.50335206,-99.2034101
Gustavo Baz 29,38770,Yazmin Chabela,04/02/2018,12.70%,5.7,13.7,20.80%,2.10%,$4.2M,-16.00%,-19,81.7,56.60%,64.00%,6.70%,39.50%,0.60%,13.30%,-2.90%,No hay valores,No hay valores,Tlalnepantla,Estado De México,Cafe,Shopping Center,C1,30/04/2026,19.50908671,-99.21982398
Parque Toreo,38561,Yazmin Chabela,28/11/2014,49.80%,7.1,15.6,14.20%,0.50%,$9.0M,-7.20%,-29.9,59.9,44.80%,56.00%,5.80%,34.90%,-0.40%,24.10%,0.30%,No hay valores,No hay valores,Naucalpan,Estado De México,Cafe,Mall,C2,30/04/2026,19.45468934,-99.21902146
Parque Toreo II,38590,Yazmin Chabela,29/08/2015,26.90%,6.4,14.5,14.40%,0.90%,$7.6M,-12.10%,-8.4,67.3,51.50%,59.00%,7.60%,33.90%,-1.20%,25.60%,-0.50%,No hay valores,No hay valores,Naucalpan,Estado De México,Kiosko ,Mall,C2,30/04/2026,19.45465704,-99.219035
Periferico Satélite DT,38176,Yazmin Chabela,23/05/2022,43.20%,4.3,10.8,23.80%,9.20%,$4.7M,-54.20%,-270.7,63,52.00%,62.00%,18.00%,37.10%,1.90%,0.70%,-27.30%,01:42,01:24,Naucalpan,Estado De México,Drive_Thru,Highway,C2,30/04/2026,19.50731704,-99.23714076
Plaza Satelite,38427,Yazmin Chabela,12/11/2011,24.70%,6,14.4,16.10%,2.20%,$8.2M,-10.90%,-7.2,74.1,46.30%,66.00%,5.00%,33.80%,-2.80%,25.10%,5.60%,No hay valores,No hay valores,Naucalpan,Estado De México,Cafe,Mall,C2,30/04/2026,19.51106961,-99.23339456
Plaza Satelite II N1,38859,Yazmin Chabela,11/02/2019,31.70%,5.5,13.1,17.30%,3.50%,$6.5M,-21.40%,-28.7,62.5,45.00%,56.00%,4.60%,35.90%,-1.10%,12.90%,-3.20%,No hay valores,No hay valores,Naucalpan,Estado De México,Cafe,Mall,C2,30/04/2026,19.51026426,-99.23423103
Samara Satélite,43152,Yazmin Chabela,26/08/2025,11.10%,5.8,12.9,18.80%,-5.70%,$3.7M,7.40%,226.1,71.3,57.10%,65.00%,9.50%,38.20%,5.20%,8.00%,8.00%,No hay valores,No hay valores,Naucalpan,Estado De México,Cafe,Mall,C1,30/04/2026,19.50621108,-99.23568797
Satelite ,38117,Yazmin Chabela,28/09/2003,39.90%,4.6,10.6,29.70%,11.20%,$3.3M,-25.50%,-41.1,71.4,60.70%,66.00%,8.80%,41.90%,3.00%,-16.30%,-16.00%,No hay valores,No hay valores,Naucalpan,Estado De México,Cafe,Street,C1,30/04/2026,19.50687435,-99.23383088
Satelite Centro Civico,38475,Yazmin Chabela,06/12/2012,70.30%,7,16.9,15.70%,0.50%,$7.8M,-5.50%,-1.4,65.8,48.40%,56.00%,11.30%,37.80%,-0.60%,23.10%,-0.60%,No hay valores,No hay valores,Naucalpan,Estado De México,Cafe,Neighborhood,C1,30/04/2026,19.51066846,-99.22947256
Viveros de la Loma,38656,Yazmin Chabela,28/07/2016,47.20%,5.3,12.8,16.40%,1.90%,$10.3M,-17.10%,-140.8,73.7,56.40%,62.00%,14.80%,34.90%,-0.90%,20.10%,-5.00%,01:20,01:15,Tlalnepantla,Estado De México,Drive_Thru,Neighborhood,C2,30/04/2026,19.52537517,-99.22494146
Atizapan,43043,Yazmin García,24/05/2024,47.90%,8.2,20.7,15.80%,-1.10%,$5.1M,-3.80%,-22.3,80.5,51.40%,67.00%,13.20%,35.50%,-0.80%,23.70%,2.30%,No hay valores,No hay valores,Atizapan De Zaragoza,Estado De México,Cafe,Street,C1,30/04/2026,19.5546593,-99.26766941
Bellavista,38149,Yazmin García,31/03/2005,6.10%,5.9,14.6,17.10%,0.50%,$5.4M,-6.80%,-9.6,71.3,58.80%,61.00%,12.00%,35.30%,-1.70%,20.10%,2.80%,No hay valores,No hay valores,Tlalnepantla,Estado De México,Cafe,Shopping Center,C2,30/04/2026,19.51894704,-99.24687786
Centro Comercial Lomas Verdes,38394,Yazmin García,12/11/2010,2.30%,5.8,12.7,19.00%,0.40%,$4.3M,-7.70%,-20.5,77.7,51.40%,63.00%,10.70%,40.10%,1.20%,11.40%,-2.40%,No hay valores,No hay valores,Naucalpan,Estado De México,Kiosko ,Shopping Center,C1,30/04/2026,19.49609752,-99.2469041
City Center Esmeralda,38535,Yazmin García,05/06/2014,82.00%,6.6,15.7,14.00%,0.70%,$14.0M,-5.00%,22.3,51.2,47.70%,50.00%,12.70%,33.00%,-3.90%,31.20%,2.50%,01:13,01:27,Atizapan De Zaragoza,Estado De México,Drive_Thru,Hypermarket,C2,30/04/2026,19.54964287,-99.28755274
Espacio Vista del Valle,38507,Yazmin García,19/09/2013,55.90%,4.9,11.7,24.10%,5.60%,$3.5M,-8.00%,-19.8,71.8,61.00%,58.00%,11.80%,38.80%,1.10%,7.10%,-6.00%,No hay valores,No hay valores,Naucalpan,Estado De México,Cafe,Shopping Center,C2,30/04/2026,19.47730506,-99.26872646
Galerias Atizapan,38363,Yazmin García,20/03/2009,50.70%,6.5,15.5,15.60%,1.50%,$7.9M,-3.60%,9.7,66,41.70%,50.00%,9.90%,34.20%,-0.80%,25.50%,-0.70%,No hay valores,No hay valores,Atizapan De Zaragoza,Estado De México,Cafe,Mall,C2,30/04/2026,19.54919506,-99.27443927
Lomas Verdes ,38119,Yazmin García,31/10/2003,42.90%,6.6,15.3,15.60%,0.60%,$6.0M,-4.30%,-15.3,61.5,48.60%,59.00%,12.80%,35.60%,-2.40%,22.80%,2.10%,No hay valores,No hay valores,Naucalpan,Estado De México,Cafe,Street,C1,30/04/2026,19.50654087,-99.25921766
Lomas Verdes II,38270,Yazmin García,15/11/2007,27.20%,5.7,14,19.00%,1.00%,$4.3M,-8.60%,-14.5,84.1,50.90%,71.00%,15.90%,36.40%,1.70%,9.70%,-2.50%,No hay valores,No hay valores,Naucalpan,Estado De México,Cafe,Shopping Center,C2,30/04/2026,19.51505213,-99.26625577
San Mateo,38266,Yazmin García,31/10/2007,46.00%,6.5,16.7,17.20%,0.80%,$5.2M,-11.60%,-36.5,61.1,47.10%,60.00%,19.90%,41.90%,5.20%,11.70%,-6.30%,No hay valores,No hay valores,Naucalpan,Estado De México,Cafe,Hypermarket,C1,30/04/2026,19.48381649,-99.249929
Star Medica Lomas Verdes,38925,Yazmin García,30/09/2022,11.70%,4.2,10.9,22.60%,0.40%,$2.9M,-5.70%,-17.8,77.9,71.10%,70.00%,11.50%,38.40%,0.30%,15.00%,5.60%,No hay valores,No hay valores,Naucalpan,Estado De México,Kiosko ,Health Care,C2,30/04/2026,19.49898526,-99.25087154
Town Center Nicolás Romero,43130,Yazmin García,23/12/2024,0.00%,5.5,13.9,16.40%,-2.00%,$5.6M,9.90%,4.9,81.8,67.90%,76.00%,10.80%,33.20%,-2.70%,21.10%,3.30%,No hay valores,No hay valores,Nicolás Romero,Estado De México,Cafe,Hypermarket,C1,30/04/2026,19.62665084,-99.2932417
Zona Azul,38115,Yazmin García,15/08/2003,70.10%,5.6,12.7,20.50%,3.20%,$3.7M,-12.40%,-25.7,61.4,53.80%,59.00%,11.90%,39.60%,1.90%,12.10%,-4.30%,No hay valores,No hay valores,Naucalpan,Estado De México,Cafe,Neighborhood,C1,30/04/2026,19.50634876,-99.24655516
Zona Esmeralda,38142,Yazmin García,17/12/2004,10.30%,5.5,13.1,17.60%,1.10%,$5.2M,-10.80%,-18.4,67.3,49.50%,57.00%,13.60%,35.60%,-1.00%,20.30%,-0.80%,No hay valores,No hay valores,Atizapan De Zaragoza,Estado De México,Cafe,Shopping Center,C2,30/04/2026,19.55907624,-99.29683123
